Entry, Register(Num), Data Label, Unit, Scale, Access                              Total Entries: 1072

    1, 30385(1), System Status, , x1, RO
    2, 30386(21), Battery Name (Battery Configuration), , x1, RO
    3, 31058(2), Battery Time Remaining (UPS 12-540MR), sec, x1, RO
    4, 31122(2), Battery Discharge Time (UPS 12-540MR), sec, x1, RO
    5, 31186(1), Battery Rating (Battery Configuration), AH, x1, RO
    6, 31218(1), Position of Battery (UPS 12-540MR)
    7, 31250(21), Battery String Name (String Configuration), , x1, RO
    8, 31922(1), String Ambient Temperature (UPS 12-540MR, index [1]), deg C, x10, RO
    9, 31954(1), String Ambient Temperature (UPS 12-540MR, index [2]), deg C, x10, RO
   10, 31986(1), String Ambient Temperature (UPS 12-540MR, index [1]), deg F, x10, RO
   11, 32018(1), String Ambient Temperature (UPS 12-540MR, index [2]), deg F, x10, RO
   12, 32050(1), String Overall Voltage (UPS 12-540MR), VDC, x10, RO
   13, 32082(1), String Current (UPS 12-540MR), A DC, x1, RO
   14, 32114(1), Float Current (UPS 12-540MR), mA DC, x1, RO
   15, 32146(1), Ripple Current (UPS 12-540MR), A AC, x1, RO
   16, 32178(1), Total Active Alarms on a Battery String (UPS 12-540MR), , x1, RO
   17, 32242(2), Battery String Time-To-Go (State Of String), min, x1, RO
   18, 32306(1), Amp-Hours Remaining in Battery String (State Of String), AH, x1, RO
   19, 32338(2), Battery String Discharge Time (UPS 12-540MR), sec, x1, RO
   20, 32402(1), Low Ambient Temperature Global Threshold (String Alarm Thresholds), deg C, x10, RO
   21, 32434(1), Low Ambient Temperature Global Threshold (String Alarm Thresholds), deg F, x10, RO
   22, 32466(1), High Ambient Temperature Global Threshold (String Alarm Thresholds), deg C, x10, RO
   23, 32498(1), High Ambient Temperature Global Threshold (String Alarm Thresholds), deg F, x10, RO
   24, 32530(1), Battery String Overall Voltage Low Threshold (String Alarm Thresholds), VDC, x10, RO
   25, 32562(1), Battery String Overall Voltage High Threshold (String Alarm Thresholds), VDC, x10, RO
   26, 32594(1), Battery String Current High Threshold (String Alarm Thresholds), A DC, x1, RO
   27, 32626(1), Battery String Float Current Low Threshold (String Alarm Thresholds), mA DC, x1, RO
   28, 32658(1), Battery String Float Current High Threshold (String Alarm Thresholds), mA DC, x1, RO
   29, 32690(1), Battery String Ripple Current High Threshold (String Alarm Thresholds), A AC, x1, RO
   30, 32722(1), Cell Voltage Low Global Threshold (String Alarm Thresholds), VDC, x1000, RO
   31, 32754(1), Cell Voltage High Global Threshold (String Alarm Thresholds), VDC, x1000, RO
   32, 32786(1), Cell Temperature Low Global Threshold (String Alarm Thresholds), deg C, x10, RO
   33, 32818(1), Cell Temperature Low Global Threshold (String Alarm Thresholds), deg F, x10, RO
   34, 32850(1), Cell Temperature High Global Threshold (String Alarm Thresholds), deg C, x10, RO
   35, 32882(1), Cell Temperature High Global Threshold (String Alarm Thresholds), deg F, x10, RO
   36, 32914(1), Internal Resistance Low Global Threshold (String Alarm Thresholds), microOhm, x1, RO
   37, 32946(1), Internal Resistance High Global Threshold (String Alarm Thresholds), microOhm, x1, RO
   38, 32978(1), Intercell Resistance High Global Threshold (String Alarm Thresholds), microOhm, x1, RO
   39, 33010(1), Intertier Resistance High Global Threshold (String Alarm Thresholds), microOhm, x1, RO
   40, 33042(1), Cell to Cell Temperature Deviation Threshold (String Alarm Thresholds), deg C, x10, RO
   41, 33074(1), Cell to Cell Temperature Deviation Threshold (String Alarm Thresholds), deg F, x10, RO
   42, 33106(1), Cell to Ambient Temperature Deviation Threshold (String Alarm Thresholds), deg C, x10, RO
   43, 33138(1), Cell to Ambient Temperature Deviation Threshold (String Alarm Thresholds), deg F, x10, RO
   44, 33170(2), Installation Date (String Configuration), , x1, RO
   45, 33234(1), Cell/Monobloc Rating (String Configuration), AH, x1, RO
   46, 33266(1), Discharge Low Cell Voltage Threshold (Discharge Thresholds), VDC, x1000, RO
   47, 33298(1), Discharge Low Overall Voltage Threshold (Discharge Thresholds), VDC, x10, RO
   48, 33330(1), Discharge Battery String Current High Threshold (Discharge Thresholds), A DC, x1, RO
   49, 33362(1), Discharge Maximum Time (Discharge Thresholds), min, x1, RO
   50, 33394(2), Startup Date (String Startup Information), , x1, RO
   51, 33458(1), Battery String Commissioned Status (String Startup Information), , x1, RO
   52, 33522(1), Position of String (UPS 12-540MR)
   53, 33554(1), Index of parent Battery for String (UPS 12-540MR)
   54, 33586(1), Cell Voltage (Cell Entity [25]), VDC, x1000, RO
   55, 33587(1), Cell Voltage (Cell Entity [26]), VDC, x1000, RO
   56, 33588(1), Cell Voltage (Cell Entity [27]), VDC, x1000, RO
   57, 33589(1), Cell Voltage (Cell Entity [28]), VDC, x1000, RO
   58, 33590(1), Cell Voltage (Cell Entity [5]), VDC, x1000, RO
   59, 33591(1), Cell Voltage (Cell Entity [6]), VDC, x1000, RO
   60, 33592(1), Cell Voltage (Cell Entity [7]), VDC, x1000, RO
   61, 33593(1), Cell Voltage (Cell Entity [8]), VDC, x1000, RO
   62, 33594(1), Cell Voltage (Cell Entity [9]), VDC, x1000, RO
   63, 33595(1), Cell Voltage (Cell Entity [10]), VDC, x1000, RO
   64, 33596(1), Cell Voltage (Cell Entity [11]), VDC, x1000, RO
   65, 33597(1), Cell Voltage (Cell Entity [12]), VDC, x1000, RO
   66, 33598(1), Cell Voltage (Cell Entity [1]), VDC, x1000, RO
   67, 33599(1), Cell Voltage (Cell Entity [2]), VDC, x1000, RO
   68, 33600(1), Cell Voltage (Cell Entity [3]), VDC, x1000, RO
   69, 33601(1), Cell Voltage (Cell Entity [4]), VDC, x1000, RO
   70, 33602(1), Cell Voltage (Cell Entity [17]), VDC, x1000, RO
   71, 33603(1), Cell Voltage (Cell Entity [18]), VDC, x1000, RO
   72, 33604(1), Cell Voltage (Cell Entity [19]), VDC, x1000, RO
   73, 33605(1), Cell Voltage (Cell Entity [20]), VDC, x1000, RO
   74, 33606(1), Cell Voltage (Cell Entity [29]), VDC, x1000, RO
   75, 33607(1), Cell Voltage (Cell Entity [30]), VDC, x1000, RO
   76, 33608(1), Cell Voltage (Cell Entity [31]), VDC, x1000, RO
   77, 33609(1), Cell Voltage (Cell Entity [32]), VDC, x1000, RO
   78, 33610(1), Cell Voltage (Cell Entity [33]), VDC, x1000, RO
   79, 33611(1), Cell Voltage (Cell Entity [34]), VDC, x1000, RO
   80, 33612(1), Cell Voltage (Cell Entity [35]), VDC, x1000, RO
   81, 33613(1), Cell Voltage (Cell Entity [36]), VDC, x1000, RO
   82, 33614(1), Cell Voltage (Cell Entity [37]), VDC, x1000, RO
   83, 33615(1), Cell Voltage (Cell Entity [38]), VDC, x1000, RO
   84, 33616(1), Cell Voltage (Cell Entity [39]), VDC, x1000, RO
   85, 33617(1), Cell Voltage (Cell Entity [40]), VDC, x1000, RO
   86, 33618(1), Cell Voltage (Cell Entity [13]), VDC, x1000, RO
   87, 33619(1), Cell Voltage (Cell Entity [14]), VDC, x1000, RO
   88, 33620(1), Cell Voltage (Cell Entity [15]), VDC, x1000, RO
   89, 33621(1), Cell Voltage (Cell Entity [16]), VDC, x1000, RO
   90, 33622(1), Cell Voltage (Cell Entity [21]), VDC, x1000, RO
   91, 33623(1), Cell Voltage (Cell Entity [22]), VDC, x1000, RO
   92, 33624(1), Cell Voltage (Cell Entity [23]), VDC, x1000, RO
   93, 33625(1), Cell Voltage (Cell Entity [24]), VDC, x1000, RO
   94, 33906(1), Cell Temperature (Cell Entity [25]), deg C, x10, RO
   95, 33907(1), Cell Temperature (Cell Entity [26]), deg C, x10, RO
   96, 33908(1), Cell Temperature (Cell Entity [27]), deg C, x10, RO
   97, 33909(1), Cell Temperature (Cell Entity [28]), deg C, x10, RO
   98, 33910(1), Cell Temperature (Cell Entity [5]), deg C, x10, RO
   99, 33911(1), Cell Temperature (Cell Entity [6]), deg C, x10, RO
  100, 33912(1), Cell Temperature (Cell Entity [7]), deg C, x10, RO
  101, 33913(1), Cell Temperature (Cell Entity [8]), deg C, x10, RO
  102, 33914(1), Cell Temperature (Cell Entity [9]), deg C, x10, RO
  103, 33915(1), Cell Temperature (Cell Entity [10]), deg C, x10, RO
  104, 33916(1), Cell Temperature (Cell Entity [11]), deg C, x10, RO
  105, 33917(1), Cell Temperature (Cell Entity [12]), deg C, x10, RO
  106, 33918(1), Cell Temperature (Cell Entity [1]), deg C, x10, RO
  107, 33919(1), Cell Temperature (Cell Entity [2]), deg C, x10, RO
  108, 33920(1), Cell Temperature (Cell Entity [3]), deg C, x10, RO
  109, 33921(1), Cell Temperature (Cell Entity [4]), deg C, x10, RO
  110, 33922(1), Cell Temperature (Cell Entity [17]), deg C, x10, RO
  111, 33923(1), Cell Temperature (Cell Entity [18]), deg C, x10, RO
  112, 33924(1), Cell Temperature (Cell Entity [19]), deg C, x10, RO
  113, 33925(1), Cell Temperature (Cell Entity [20]), deg C, x10, RO
  114, 33926(1), Cell Temperature (Cell Entity [29]), deg C, x10, RO
  115, 33927(1), Cell Temperature (Cell Entity [30]), deg C, x10, RO
  116, 33928(1), Cell Temperature (Cell Entity [31]), deg C, x10, RO
  117, 33929(1), Cell Temperature (Cell Entity [32]), deg C, x10, RO
  118, 33930(1), Cell Temperature (Cell Entity [33]), deg C, x10, RO
  119, 33931(1), Cell Temperature (Cell Entity [34]), deg C, x10, RO
  120, 33932(1), Cell Temperature (Cell Entity [35]), deg C, x10, RO
  121, 33933(1), Cell Temperature (Cell Entity [36]), deg C, x10, RO
  122, 33934(1), Cell Temperature (Cell Entity [37]), deg C, x10, RO
  123, 33935(1), Cell Temperature (Cell Entity [38]), deg C, x10, RO
  124, 33936(1), Cell Temperature (Cell Entity [39]), deg C, x10, RO
  125, 33937(1), Cell Temperature (Cell Entity [40]), deg C, x10, RO
  126, 33938(1), Cell Temperature (Cell Entity [13]), deg C, x10, RO
  127, 33939(1), Cell Temperature (Cell Entity [14]), deg C, x10, RO
  128, 33940(1), Cell Temperature (Cell Entity [15]), deg C, x10, RO
  129, 33941(1), Cell Temperature (Cell Entity [16]), deg C, x10, RO
  130, 33942(1), Cell Temperature (Cell Entity [21]), deg C, x10, RO
  131, 33943(1), Cell Temperature (Cell Entity [22]), deg C, x10, RO
  132, 33944(1), Cell Temperature (Cell Entity [23]), deg C, x10, RO
  133, 33945(1), Cell Temperature (Cell Entity [24]), deg C, x10, RO
  134, 34226(1), Cell Temperature (Cell Entity [25]), deg F, x10, RO
  135, 34227(1), Cell Temperature (Cell Entity [26]), deg F, x10, RO
  136, 34228(1), Cell Temperature (Cell Entity [27]), deg F, x10, RO
  137, 34229(1), Cell Temperature (Cell Entity [28]), deg F, x10, RO
  138, 34230(1), Cell Temperature (Cell Entity [5]), deg F, x10, RO
  139, 34231(1), Cell Temperature (Cell Entity [6]), deg F, x10, RO
  140, 34232(1), Cell Temperature (Cell Entity [7]), deg F, x10, RO
  141, 34233(1), Cell Temperature (Cell Entity [8]), deg F, x10, RO
  142, 34234(1), Cell Temperature (Cell Entity [9]), deg F, x10, RO
  143, 34235(1), Cell Temperature (Cell Entity [10]), deg F, x10, RO
  144, 34236(1), Cell Temperature (Cell Entity [11]), deg F, x10, RO
  145, 34237(1), Cell Temperature (Cell Entity [12]), deg F, x10, RO
  146, 34238(1), Cell Temperature (Cell Entity [1]), deg F, x10, RO
  147, 34239(1), Cell Temperature (Cell Entity [2]), deg F, x10, RO
  148, 34240(1), Cell Temperature (Cell Entity [3]), deg F, x10, RO
  149, 34241(1), Cell Temperature (Cell Entity [4]), deg F, x10, RO
  150, 34242(1), Cell Temperature (Cell Entity [17]), deg F, x10, RO
  151, 34243(1), Cell Temperature (Cell Entity [18]), deg F, x10, RO
  152, 34244(1), Cell Temperature (Cell Entity [19]), deg F, x10, RO
  153, 34245(1), Cell Temperature (Cell Entity [20]), deg F, x10, RO
  154, 34246(1), Cell Temperature (Cell Entity [29]), deg F, x10, RO
  155, 34247(1), Cell Temperature (Cell Entity [30]), deg F, x10, RO
  156, 34248(1), Cell Temperature (Cell Entity [31]), deg F, x10, RO
  157, 34249(1), Cell Temperature (Cell Entity [32]), deg F, x10, RO
  158, 34250(1), Cell Temperature (Cell Entity [33]), deg F, x10, RO
  159, 34251(1), Cell Temperature (Cell Entity [34]), deg F, x10, RO
  160, 34252(1), Cell Temperature (Cell Entity [35]), deg F, x10, RO
  161, 34253(1), Cell Temperature (Cell Entity [36]), deg F, x10, RO
  162, 34254(1), Cell Temperature (Cell Entity [37]), deg F, x10, RO
  163, 34255(1), Cell Temperature (Cell Entity [38]), deg F, x10, RO
  164, 34256(1), Cell Temperature (Cell Entity [39]), deg F, x10, RO
  165, 34257(1), Cell Temperature (Cell Entity [40]), deg F, x10, RO
  166, 34258(1), Cell Temperature (Cell Entity [13]), deg F, x10, RO
  167, 34259(1), Cell Temperature (Cell Entity [14]), deg F, x10, RO
  168, 34260(1), Cell Temperature (Cell Entity [15]), deg F, x10, RO
  169, 34261(1), Cell Temperature (Cell Entity [16]), deg F, x10, RO
  170, 34262(1), Cell Temperature (Cell Entity [21]), deg F, x10, RO
  171, 34263(1), Cell Temperature (Cell Entity [22]), deg F, x10, RO
  172, 34264(1), Cell Temperature (Cell Entity [23]), deg F, x10, RO
  173, 34265(1), Cell Temperature (Cell Entity [24]), deg F, x10, RO
  174, 34546(1), Internal Resistance Value (Cell Entity [25]), microOhm, x1, RO
  175, 34547(1), Internal Resistance Value (Cell Entity [26]), microOhm, x1, RO
  176, 34548(1), Internal Resistance Value (Cell Entity [27]), microOhm, x1, RO
  177, 34549(1), Internal Resistance Value (Cell Entity [28]), microOhm, x1, RO
  178, 34550(1), Internal Resistance Value (Cell Entity [5]), microOhm, x1, RO
  179, 34551(1), Internal Resistance Value (Cell Entity [6]), microOhm, x1, RO
  180, 34552(1), Internal Resistance Value (Cell Entity [7]), microOhm, x1, RO
  181, 34553(1), Internal Resistance Value (Cell Entity [8]), microOhm, x1, RO
  182, 34554(1), Internal Resistance Value (Cell Entity [9]), microOhm, x1, RO
  183, 34555(1), Internal Resistance Value (Cell Entity [10]), microOhm, x1, RO
  184, 34556(1), Internal Resistance Value (Cell Entity [11]), microOhm, x1, RO
  185, 34557(1), Internal Resistance Value (Cell Entity [12]), microOhm, x1, RO
  186, 34558(1), Internal Resistance Value (Cell Entity [1]), microOhm, x1, RO
  187, 34559(1), Internal Resistance Value (Cell Entity [2]), microOhm, x1, RO
  188, 34560(1), Internal Resistance Value (Cell Entity [3]), microOhm, x1, RO
  189, 34561(1), Internal Resistance Value (Cell Entity [4]), microOhm, x1, RO
  190, 34562(1), Internal Resistance Value (Cell Entity [17]), microOhm, x1, RO
  191, 34563(1), Internal Resistance Value (Cell Entity [18]), microOhm, x1, RO
  192, 34564(1), Internal Resistance Value (Cell Entity [19]), microOhm, x1, RO
  193, 34565(1), Internal Resistance Value (Cell Entity [20]), microOhm, x1, RO
  194, 34566(1), Internal Resistance Value (Cell Entity [29]), microOhm, x1, RO
  195, 34567(1), Internal Resistance Value (Cell Entity [30]), microOhm, x1, RO
  196, 34568(1), Internal Resistance Value (Cell Entity [31]), microOhm, x1, RO
  197, 34569(1), Internal Resistance Value (Cell Entity [32]), microOhm, x1, RO
  198, 34570(1), Internal Resistance Value (Cell Entity [33]), microOhm, x1, RO
  199, 34571(1), Internal Resistance Value (Cell Entity [34]), microOhm, x1, RO
  200, 34572(1), Internal Resistance Value (Cell Entity [35]), microOhm, x1, RO
  201, 34573(1), Internal Resistance Value (Cell Entity [36]), microOhm, x1, RO
  202, 34574(1), Internal Resistance Value (Cell Entity [37]), microOhm, x1, RO
  203, 34575(1), Internal Resistance Value (Cell Entity [38]), microOhm, x1, RO
  204, 34576(1), Internal Resistance Value (Cell Entity [39]), microOhm, x1, RO
  205, 34577(1), Internal Resistance Value (Cell Entity [40]), microOhm, x1, RO
  206, 34578(1), Internal Resistance Value (Cell Entity [13]), microOhm, x1, RO
  207, 34579(1), Internal Resistance Value (Cell Entity [14]), microOhm, x1, RO
  208, 34580(1), Internal Resistance Value (Cell Entity [15]), microOhm, x1, RO
  209, 34581(1), Internal Resistance Value (Cell Entity [16]), microOhm, x1, RO
  210, 34582(1), Internal Resistance Value (Cell Entity [21]), microOhm, x1, RO
  211, 34583(1), Internal Resistance Value (Cell Entity [22]), microOhm, x1, RO
  212, 34584(1), Internal Resistance Value (Cell Entity [23]), microOhm, x1, RO
  213, 34585(1), Internal Resistance Value (Cell Entity [24]), microOhm, x1, RO
  214, 34866(1), Intercell Resistance Value (Cell Entity [25]), microOhm, x1, RO
  215, 34867(1), Intercell Resistance Value (Cell Entity [26]), microOhm, x1, RO
  216, 34868(1), Intercell Resistance Value (Cell Entity [27]), microOhm, x1, RO
  217, 34869(1), Intercell Resistance Value (Cell Entity [28]), microOhm, x1, RO
  218, 34870(1), Intercell Resistance Value (Cell Entity [5]), microOhm, x1, RO
  219, 34871(1), Intercell Resistance Value (Cell Entity [6]), microOhm, x1, RO
  220, 34872(1), Intercell Resistance Value (Cell Entity [7]), microOhm, x1, RO
  221, 34873(1), Intercell Resistance Value (Cell Entity [8]), microOhm, x1, RO
  222, 34874(1), Intercell Resistance Value (Cell Entity [9]), microOhm, x1, RO
  223, 34875(1), Intercell Resistance Value (Cell Entity [10]), microOhm, x1, RO
  224, 34876(1), Intercell Resistance Value (Cell Entity [11]), microOhm, x1, RO
  225, 34877(1), Intercell Resistance Value (Cell Entity [12]), microOhm, x1, RO
  226, 34878(1), Intercell Resistance Value (Cell Entity [1]), microOhm, x1, RO
  227, 34879(1), Intercell Resistance Value (Cell Entity [2]), microOhm, x1, RO
  228, 34880(1), Intercell Resistance Value (Cell Entity [3]), microOhm, x1, RO
  229, 34881(1), Intercell Resistance Value (Cell Entity [4]), microOhm, x1, RO
  230, 34882(1), Intercell Resistance Value (Cell Entity [17]), microOhm, x1, RO
  231, 34883(1), Intercell Resistance Value (Cell Entity [18]), microOhm, x1, RO
  232, 34884(1), Intercell Resistance Value (Cell Entity [19]), microOhm, x1, RO
  233, 34885(1), Intercell Resistance Value (Cell Entity [20]), microOhm, x1, RO
  234, 34886(1), Intercell Resistance Value (Cell Entity [29]), microOhm, x1, RO
  235, 34887(1), Intercell Resistance Value (Cell Entity [30]), microOhm, x1, RO
  236, 34888(1), Intercell Resistance Value (Cell Entity [31]), microOhm, x1, RO
  237, 34889(1), Intercell Resistance Value (Cell Entity [32]), microOhm, x1, RO
  238, 34890(1), Intercell Resistance Value (Cell Entity [33]), microOhm, x1, RO
  239, 34891(1), Intercell Resistance Value (Cell Entity [34]), microOhm, x1, RO
  240, 34892(1), Intercell Resistance Value (Cell Entity [35]), microOhm, x1, RO
  241, 34893(1), Intercell Resistance Value (Cell Entity [36]), microOhm, x1, RO
  242, 34894(1), Intercell Resistance Value (Cell Entity [37]), microOhm, x1, RO
  243, 34895(1), Intercell Resistance Value (Cell Entity [38]), microOhm, x1, RO
  244, 34896(1), Intercell Resistance Value (Cell Entity [39]), microOhm, x1, RO
  245, 34897(1), Intercell Resistance Value (Cell Entity [40]), microOhm, x1, RO
  246, 34898(1), Intercell Resistance Value (Cell Entity [13]), microOhm, x1, RO
  247, 34899(1), Intercell Resistance Value (Cell Entity [14]), microOhm, x1, RO
  248, 34900(1), Intercell Resistance Value (Cell Entity [15]), microOhm, x1, RO
  249, 34901(1), Intercell Resistance Value (Cell Entity [16]), microOhm, x1, RO
  250, 34902(1), Intercell Resistance Value (Cell Entity [21]), microOhm, x1, RO
  251, 34903(1), Intercell Resistance Value (Cell Entity [22]), microOhm, x1, RO
  252, 34904(1), Intercell Resistance Value (Cell Entity [23]), microOhm, x1, RO
  253, 34905(1), Intercell Resistance Value (Cell Entity [24]), microOhm, x1, RO
  254, 35186(1), Cell Voltage Low Threshold (Threshold settings for a Cell), VDC, x1000, RO
  255, 35187(1), Cell Voltage Low Threshold (Threshold settings for a Cell), VDC, x1000, RO
  256, 35188(1), Cell Voltage Low Threshold (Threshold settings for a Cell), VDC, x1000, RO
  257, 35189(1), Cell Voltage Low Threshold (Threshold settings for a Cell), VDC, x1000, RO
  258, 35190(1), Cell Voltage Low Threshold (Threshold settings for a Cell), VDC, x1000, RO
  259, 35191(1), Cell Voltage Low Threshold (Threshold settings for a Cell), VDC, x1000, RO
  260, 35192(1), Cell Voltage Low Threshold (Threshold settings for a Cell), VDC, x1000, RO
  261, 35193(1), Cell Voltage Low Threshold (Threshold settings for a Cell), VDC, x1000, RO
  262, 35194(1), Cell Voltage Low Threshold (Threshold settings for a Cell), VDC, x1000, RO
  263, 35195(1), Cell Voltage Low Threshold (Threshold settings for a Cell), VDC, x1000, RO
  264, 35196(1), Cell Voltage Low Threshold (Threshold settings for a Cell), VDC, x1000, RO
  265, 35197(1), Cell Voltage Low Threshold (Threshold settings for a Cell), VDC, x1000, RO
  266, 35198(1), Cell Voltage Low Threshold (Threshold settings for a Cell), VDC, x1000, RO
  267, 35199(1), Cell Voltage Low Threshold (Threshold settings for a Cell), VDC, x1000, RO
  268, 35200(1), Cell Voltage Low Threshold (Threshold settings for a Cell), VDC, x1000, RO
  269, 35201(1), Cell Voltage Low Threshold (Threshold settings for a Cell), VDC, x1000, RO
  270, 35202(1), Cell Voltage Low Threshold (Threshold settings for a Cell), VDC, x1000, RO
  271, 35203(1), Cell Voltage Low Threshold (Threshold settings for a Cell), VDC, x1000, RO
  272, 35204(1), Cell Voltage Low Threshold (Threshold settings for a Cell), VDC, x1000, RO
  273, 35205(1), Cell Voltage Low Threshold (Threshold settings for a Cell), VDC, x1000, RO
  274, 35206(1), Cell Voltage Low Threshold (Threshold settings for a Cell), VDC, x1000, RO
  275, 35207(1), Cell Voltage Low Threshold (Threshold settings for a Cell), VDC, x1000, RO
  276, 35208(1), Cell Voltage Low Threshold (Threshold settings for a Cell), VDC, x1000, RO
  277, 35209(1), Cell Voltage Low Threshold (Threshold settings for a Cell), VDC, x1000, RO
  278, 35210(1), Cell Voltage Low Threshold (Threshold settings for a Cell), VDC, x1000, RO
  279, 35211(1), Cell Voltage Low Threshold (Threshold settings for a Cell), VDC, x1000, RO
  280, 35212(1), Cell Voltage Low Threshold (Threshold settings for a Cell), VDC, x1000, RO
  281, 35213(1), Cell Voltage Low Threshold (Threshold settings for a Cell), VDC, x1000, RO
  282, 35214(1), Cell Voltage Low Threshold (Threshold settings for a Cell), VDC, x1000, RO
  283, 35215(1), Cell Voltage Low Threshold (Threshold settings for a Cell), VDC, x1000, RO
  284, 35216(1), Cell Voltage Low Threshold (Threshold settings for a Cell), VDC, x1000, RO
  285, 35217(1), Cell Voltage Low Threshold (Threshold settings for a Cell), VDC, x1000, RO
  286, 35218(1), Cell Voltage Low Threshold (Threshold settings for a Cell), VDC, x1000, RO
  287, 35219(1), Cell Voltage Low Threshold (Threshold settings for a Cell), VDC, x1000, RO
  288, 35220(1), Cell Voltage Low Threshold (Threshold settings for a Cell), VDC, x1000, RO
  289, 35221(1), Cell Voltage Low Threshold (Threshold settings for a Cell), VDC, x1000, RO
  290, 35222(1), Cell Voltage Low Threshold (Threshold settings for a Cell), VDC, x1000, RO
  291, 35223(1), Cell Voltage Low Threshold (Threshold settings for a Cell), VDC, x1000, RO
  292, 35224(1), Cell Voltage Low Threshold (Threshold settings for a Cell), VDC, x1000, RO
  293, 35225(1), Cell Voltage Low Threshold (Threshold settings for a Cell), VDC, x1000, RO
  294, 35506(1), Cell Voltage High Threshold (Threshold settings for a Cell), VDC, x1000, RO
  295, 35507(1), Cell Voltage High Threshold (Threshold settings for a Cell), VDC, x1000, RO
  296, 35508(1), Cell Voltage High Threshold (Threshold settings for a Cell), VDC, x1000, RO
  297, 35509(1), Cell Voltage High Threshold (Threshold settings for a Cell), VDC, x1000, RO
  298, 35510(1), Cell Voltage High Threshold (Threshold settings for a Cell), VDC, x1000, RO
  299, 35511(1), Cell Voltage High Threshold (Threshold settings for a Cell), VDC, x1000, RO
  300, 35512(1), Cell Voltage High Threshold (Threshold settings for a Cell), VDC, x1000, RO
  301, 35513(1), Cell Voltage High Threshold (Threshold settings for a Cell), VDC, x1000, RO
  302, 35514(1), Cell Voltage High Threshold (Threshold settings for a Cell), VDC, x1000, RO
  303, 35515(1), Cell Voltage High Threshold (Threshold settings for a Cell), VDC, x1000, RO
  304, 35516(1), Cell Voltage High Threshold (Threshold settings for a Cell), VDC, x1000, RO
  305, 35517(1), Cell Voltage High Threshold (Threshold settings for a Cell), VDC, x1000, RO
  306, 35518(1), Cell Voltage High Threshold (Threshold settings for a Cell), VDC, x1000, RO
  307, 35519(1), Cell Voltage High Threshold (Threshold settings for a Cell), VDC, x1000, RO
  308, 35520(1), Cell Voltage High Threshold (Threshold settings for a Cell), VDC, x1000, RO
  309, 35521(1), Cell Voltage High Threshold (Threshold settings for a Cell), VDC, x1000, RO
  310, 35522(1), Cell Voltage High Threshold (Threshold settings for a Cell), VDC, x1000, RO
  311, 35523(1), Cell Voltage High Threshold (Threshold settings for a Cell), VDC, x1000, RO
  312, 35524(1), Cell Voltage High Threshold (Threshold settings for a Cell), VDC, x1000, RO
  313, 35525(1), Cell Voltage High Threshold (Threshold settings for a Cell), VDC, x1000, RO
  314, 35526(1), Cell Voltage High Threshold (Threshold settings for a Cell), VDC, x1000, RO
  315, 35527(1), Cell Voltage High Threshold (Threshold settings for a Cell), VDC, x1000, RO
  316, 35528(1), Cell Voltage High Threshold (Threshold settings for a Cell), VDC, x1000, RO
  317, 35529(1), Cell Voltage High Threshold (Threshold settings for a Cell), VDC, x1000, RO
  318, 35530(1), Cell Voltage High Threshold (Threshold settings for a Cell), VDC, x1000, RO
  319, 35531(1), Cell Voltage High Threshold (Threshold settings for a Cell), VDC, x1000, RO
  320, 35532(1), Cell Voltage High Threshold (Threshold settings for a Cell), VDC, x1000, RO
  321, 35533(1), Cell Voltage High Threshold (Threshold settings for a Cell), VDC, x1000, RO
  322, 35534(1), Cell Voltage High Threshold (Threshold settings for a Cell), VDC, x1000, RO
  323, 35535(1), Cell Voltage High Threshold (Threshold settings for a Cell), VDC, x1000, RO
  324, 35536(1), Cell Voltage High Threshold (Threshold settings for a Cell), VDC, x1000, RO
  325, 35537(1), Cell Voltage High Threshold (Threshold settings for a Cell), VDC, x1000, RO
  326, 35538(1), Cell Voltage High Threshold (Threshold settings for a Cell), VDC, x1000, RO
  327, 35539(1), Cell Voltage High Threshold (Threshold settings for a Cell), VDC, x1000, RO
  328, 35540(1), Cell Voltage High Threshold (Threshold settings for a Cell), VDC, x1000, RO
  329, 35541(1), Cell Voltage High Threshold (Threshold settings for a Cell), VDC, x1000, RO
  330, 35542(1), Cell Voltage High Threshold (Threshold settings for a Cell), VDC, x1000, RO
  331, 35543(1), Cell Voltage High Threshold (Threshold settings for a Cell), VDC, x1000, RO
  332, 35544(1), Cell Voltage High Threshold (Threshold settings for a Cell), VDC, x1000, RO
  333, 35545(1), Cell Voltage High Threshold (Threshold settings for a Cell), VDC, x1000, RO
  334, 35826(1), Cell Temperature Low Threshold (Threshold settings for a Cell), deg C, x10, RO
  335, 35827(1), Cell Temperature Low Threshold (Threshold settings for a Cell), deg C, x10, RO
  336, 35828(1), Cell Temperature Low Threshold (Threshold settings for a Cell), deg C, x10, RO
  337, 35829(1), Cell Temperature Low Threshold (Threshold settings for a Cell), deg C, x10, RO
  338, 35830(1), Cell Temperature Low Threshold (Threshold settings for a Cell), deg C, x10, RO
  339, 35831(1), Cell Temperature Low Threshold (Threshold settings for a Cell), deg C, x10, RO
  340, 35832(1), Cell Temperature Low Threshold (Threshold settings for a Cell), deg C, x10, RO
  341, 35833(1), Cell Temperature Low Threshold (Threshold settings for a Cell), deg C, x10, RO
  342, 35834(1), Cell Temperature Low Threshold (Threshold settings for a Cell), deg C, x10, RO
  343, 35835(1), Cell Temperature Low Threshold (Threshold settings for a Cell), deg C, x10, RO
  344, 35836(1), Cell Temperature Low Threshold (Threshold settings for a Cell), deg C, x10, RO
  345, 35837(1), Cell Temperature Low Threshold (Threshold settings for a Cell), deg C, x10, RO
  346, 35838(1), Cell Temperature Low Threshold (Threshold settings for a Cell), deg C, x10, RO
  347, 35839(1), Cell Temperature Low Threshold (Threshold settings for a Cell), deg C, x10, RO
  348, 35840(1), Cell Temperature Low Threshold (Threshold settings for a Cell), deg C, x10, RO
  349, 35841(1), Cell Temperature Low Threshold (Threshold settings for a Cell), deg C, x10, RO
  350, 35842(1), Cell Temperature Low Threshold (Threshold settings for a Cell), deg C, x10, RO
  351, 35843(1), Cell Temperature Low Threshold (Threshold settings for a Cell), deg C, x10, RO
  352, 35844(1), Cell Temperature Low Threshold (Threshold settings for a Cell), deg C, x10, RO
  353, 35845(1), Cell Temperature Low Threshold (Threshold settings for a Cell), deg C, x10, RO
  354, 35846(1), Cell Temperature Low Threshold (Threshold settings for a Cell), deg C, x10, RO
  355, 35847(1), Cell Temperature Low Threshold (Threshold settings for a Cell), deg C, x10, RO
  356, 35848(1), Cell Temperature Low Threshold (Threshold settings for a Cell), deg C, x10, RO
  357, 35849(1), Cell Temperature Low Threshold (Threshold settings for a Cell), deg C, x10, RO
  358, 35850(1), Cell Temperature Low Threshold (Threshold settings for a Cell), deg C, x10, RO
  359, 35851(1), Cell Temperature Low Threshold (Threshold settings for a Cell), deg C, x10, RO
  360, 35852(1), Cell Temperature Low Threshold (Threshold settings for a Cell), deg C, x10, RO
  361, 35853(1), Cell Temperature Low Threshold (Threshold settings for a Cell), deg C, x10, RO
  362, 35854(1), Cell Temperature Low Threshold (Threshold settings for a Cell), deg C, x10, RO
  363, 35855(1), Cell Temperature Low Threshold (Threshold settings for a Cell), deg C, x10, RO
  364, 35856(1), Cell Temperature Low Threshold (Threshold settings for a Cell), deg C, x10, RO
  365, 35857(1), Cell Temperature Low Threshold (Threshold settings for a Cell), deg C, x10, RO
  366, 35858(1), Cell Temperature Low Threshold (Threshold settings for a Cell), deg C, x10, RO
  367, 35859(1), Cell Temperature Low Threshold (Threshold settings for a Cell), deg C, x10, RO
  368, 35860(1), Cell Temperature Low Threshold (Threshold settings for a Cell), deg C, x10, RO
  369, 35861(1), Cell Temperature Low Threshold (Threshold settings for a Cell), deg C, x10, RO
  370, 35862(1), Cell Temperature Low Threshold (Threshold settings for a Cell), deg C, x10, RO
  371, 35863(1), Cell Temperature Low Threshold (Threshold settings for a Cell), deg C, x10, RO
  372, 35864(1), Cell Temperature Low Threshold (Threshold settings for a Cell), deg C, x10, RO
  373, 35865(1), Cell Temperature Low Threshold (Threshold settings for a Cell), deg C, x10, RO
  374, 36146(1), Cell Temperature Low Threshold (Threshold settings for a Cell), deg F, x10, RO
  375, 36147(1), Cell Temperature Low Threshold (Threshold settings for a Cell), deg F, x10, RO
  376, 36148(1), Cell Temperature Low Threshold (Threshold settings for a Cell), deg F, x10, RO
  377, 36149(1), Cell Temperature Low Threshold (Threshold settings for a Cell), deg F, x10, RO
  378, 36150(1), Cell Temperature Low Threshold (Threshold settings for a Cell), deg F, x10, RO
  379, 36151(1), Cell Temperature Low Threshold (Threshold settings for a Cell), deg F, x10, RO
  380, 36152(1), Cell Temperature Low Threshold (Threshold settings for a Cell), deg F, x10, RO
  381, 36153(1), Cell Temperature Low Threshold (Threshold settings for a Cell), deg F, x10, RO
  382, 36154(1), Cell Temperature Low Threshold (Threshold settings for a Cell), deg F, x10, RO
  383, 36155(1), Cell Temperature Low Threshold (Threshold settings for a Cell), deg F, x10, RO
  384, 36156(1), Cell Temperature Low Threshold (Threshold settings for a Cell), deg F, x10, RO
  385, 36157(1), Cell Temperature Low Threshold (Threshold settings for a Cell), deg F, x10, RO
  386, 36158(1), Cell Temperature Low Threshold (Threshold settings for a Cell), deg F, x10, RO
  387, 36159(1), Cell Temperature Low Threshold (Threshold settings for a Cell), deg F, x10, RO
  388, 36160(1), Cell Temperature Low Threshold (Threshold settings for a Cell), deg F, x10, RO
  389, 36161(1), Cell Temperature Low Threshold (Threshold settings for a Cell), deg F, x10, RO
  390, 36162(1), Cell Temperature Low Threshold (Threshold settings for a Cell), deg F, x10, RO
  391, 36163(1), Cell Temperature Low Threshold (Threshold settings for a Cell), deg F, x10, RO
  392, 36164(1), Cell Temperature Low Threshold (Threshold settings for a Cell), deg F, x10, RO
  393, 36165(1), Cell Temperature Low Threshold (Threshold settings for a Cell), deg F, x10, RO
  394, 36166(1), Cell Temperature Low Threshold (Threshold settings for a Cell), deg F, x10, RO
  395, 36167(1), Cell Temperature Low Threshold (Threshold settings for a Cell), deg F, x10, RO
  396, 36168(1), Cell Temperature Low Threshold (Threshold settings for a Cell), deg F, x10, RO
  397, 36169(1), Cell Temperature Low Threshold (Threshold settings for a Cell), deg F, x10, RO
  398, 36170(1), Cell Temperature Low Threshold (Threshold settings for a Cell), deg F, x10, RO
  399, 36171(1), Cell Temperature Low Threshold (Threshold settings for a Cell), deg F, x10, RO
  400, 36172(1), Cell Temperature Low Threshold (Threshold settings for a Cell), deg F, x10, RO
  401, 36173(1), Cell Temperature Low Threshold (Threshold settings for a Cell), deg F, x10, RO
  402, 36174(1), Cell Temperature Low Threshold (Threshold settings for a Cell), deg F, x10, RO
  403, 36175(1), Cell Temperature Low Threshold (Threshold settings for a Cell), deg F, x10, RO
  404, 36176(1), Cell Temperature Low Threshold (Threshold settings for a Cell), deg F, x10, RO
  405, 36177(1), Cell Temperature Low Threshold (Threshold settings for a Cell), deg F, x10, RO
  406, 36178(1), Cell Temperature Low Threshold (Threshold settings for a Cell), deg F, x10, RO
  407, 36179(1), Cell Temperature Low Threshold (Threshold settings for a Cell), deg F, x10, RO
  408, 36180(1), Cell Temperature Low Threshold (Threshold settings for a Cell), deg F, x10, RO
  409, 36181(1), Cell Temperature Low Threshold (Threshold settings for a Cell), deg F, x10, RO
  410, 36182(1), Cell Temperature Low Threshold (Threshold settings for a Cell), deg F, x10, RO
  411, 36183(1), Cell Temperature Low Threshold (Threshold settings for a Cell), deg F, x10, RO
  412, 36184(1), Cell Temperature Low Threshold (Threshold settings for a Cell), deg F, x10, RO
  413, 36185(1), Cell Temperature Low Threshold (Threshold settings for a Cell), deg F, x10, RO
  414, 36466(1), Cell Temperature High Threshold (Threshold settings for a Cell), deg C, x10, RO
  415, 36467(1), Cell Temperature High Threshold (Threshold settings for a Cell), deg C, x10, RO
  416, 36468(1), Cell Temperature High Threshold (Threshold settings for a Cell), deg C, x10, RO
  417, 36469(1), Cell Temperature High Threshold (Threshold settings for a Cell), deg C, x10, RO
  418, 36470(1), Cell Temperature High Threshold (Threshold settings for a Cell), deg C, x10, RO
  419, 36471(1), Cell Temperature High Threshold (Threshold settings for a Cell), deg C, x10, RO
  420, 36472(1), Cell Temperature High Threshold (Threshold settings for a Cell), deg C, x10, RO
  421, 36473(1), Cell Temperature High Threshold (Threshold settings for a Cell), deg C, x10, RO
  422, 36474(1), Cell Temperature High Threshold (Threshold settings for a Cell), deg C, x10, RO
  423, 36475(1), Cell Temperature High Threshold (Threshold settings for a Cell), deg C, x10, RO
  424, 36476(1), Cell Temperature High Threshold (Threshold settings for a Cell), deg C, x10, RO
  425, 36477(1), Cell Temperature High Threshold (Threshold settings for a Cell), deg C, x10, RO
  426, 36478(1), Cell Temperature High Threshold (Threshold settings for a Cell), deg C, x10, RO
  427, 36479(1), Cell Temperature High Threshold (Threshold settings for a Cell), deg C, x10, RO
  428, 36480(1), Cell Temperature High Threshold (Threshold settings for a Cell), deg C, x10, RO
  429, 36481(1), Cell Temperature High Threshold (Threshold settings for a Cell), deg C, x10, RO
  430, 36482(1), Cell Temperature High Threshold (Threshold settings for a Cell), deg C, x10, RO
  431, 36483(1), Cell Temperature High Threshold (Threshold settings for a Cell), deg C, x10, RO
  432, 36484(1), Cell Temperature High Threshold (Threshold settings for a Cell), deg C, x10, RO
  433, 36485(1), Cell Temperature High Threshold (Threshold settings for a Cell), deg C, x10, RO
  434, 36486(1), Cell Temperature High Threshold (Threshold settings for a Cell), deg C, x10, RO
  435, 36487(1), Cell Temperature High Threshold (Threshold settings for a Cell), deg C, x10, RO
  436, 36488(1), Cell Temperature High Threshold (Threshold settings for a Cell), deg C, x10, RO
  437, 36489(1), Cell Temperature High Threshold (Threshold settings for a Cell), deg C, x10, RO
  438, 36490(1), Cell Temperature High Threshold (Threshold settings for a Cell), deg C, x10, RO
  439, 36491(1), Cell Temperature High Threshold (Threshold settings for a Cell), deg C, x10, RO
  440, 36492(1), Cell Temperature High Threshold (Threshold settings for a Cell), deg C, x10, RO
  441, 36493(1), Cell Temperature High Threshold (Threshold settings for a Cell), deg C, x10, RO
  442, 36494(1), Cell Temperature High Threshold (Threshold settings for a Cell), deg C, x10, RO
  443, 36495(1), Cell Temperature High Threshold (Threshold settings for a Cell), deg C, x10, RO
  444, 36496(1), Cell Temperature High Threshold (Threshold settings for a Cell), deg C, x10, RO
  445, 36497(1), Cell Temperature High Threshold (Threshold settings for a Cell), deg C, x10, RO
  446, 36498(1), Cell Temperature High Threshold (Threshold settings for a Cell), deg C, x10, RO
  447, 36499(1), Cell Temperature High Threshold (Threshold settings for a Cell), deg C, x10, RO
  448, 36500(1), Cell Temperature High Threshold (Threshold settings for a Cell), deg C, x10, RO
  449, 36501(1), Cell Temperature High Threshold (Threshold settings for a Cell), deg C, x10, RO
  450, 36502(1), Cell Temperature High Threshold (Threshold settings for a Cell), deg C, x10, RO
  451, 36503(1), Cell Temperature High Threshold (Threshold settings for a Cell), deg C, x10, RO
  452, 36504(1), Cell Temperature High Threshold (Threshold settings for a Cell), deg C, x10, RO
  453, 36505(1), Cell Temperature High Threshold (Threshold settings for a Cell), deg C, x10, RO
  454, 36786(1), Cell Temperature High Threshold (Threshold settings for a Cell), deg F, x10, RO
  455, 36787(1), Cell Temperature High Threshold (Threshold settings for a Cell), deg F, x10, RO
  456, 36788(1), Cell Temperature High Threshold (Threshold settings for a Cell), deg F, x10, RO
  457, 36789(1), Cell Temperature High Threshold (Threshold settings for a Cell), deg F, x10, RO
  458, 36790(1), Cell Temperature High Threshold (Threshold settings for a Cell), deg F, x10, RO
  459, 36791(1), Cell Temperature High Threshold (Threshold settings for a Cell), deg F, x10, RO
  460, 36792(1), Cell Temperature High Threshold (Threshold settings for a Cell), deg F, x10, RO
  461, 36793(1), Cell Temperature High Threshold (Threshold settings for a Cell), deg F, x10, RO
  462, 36794(1), Cell Temperature High Threshold (Threshold settings for a Cell), deg F, x10, RO
  463, 36795(1), Cell Temperature High Threshold (Threshold settings for a Cell), deg F, x10, RO
  464, 36796(1), Cell Temperature High Threshold (Threshold settings for a Cell), deg F, x10, RO
  465, 36797(1), Cell Temperature High Threshold (Threshold settings for a Cell), deg F, x10, RO
  466, 36798(1), Cell Temperature High Threshold (Threshold settings for a Cell), deg F, x10, RO
  467, 36799(1), Cell Temperature High Threshold (Threshold settings for a Cell), deg F, x10, RO
  468, 36800(1), Cell Temperature High Threshold (Threshold settings for a Cell), deg F, x10, RO
  469, 36801(1), Cell Temperature High Threshold (Threshold settings for a Cell), deg F, x10, RO
  470, 36802(1), Cell Temperature High Threshold (Threshold settings for a Cell), deg F, x10, RO
  471, 36803(1), Cell Temperature High Threshold (Threshold settings for a Cell), deg F, x10, RO
  472, 36804(1), Cell Temperature High Threshold (Threshold settings for a Cell), deg F, x10, RO
  473, 36805(1), Cell Temperature High Threshold (Threshold settings for a Cell), deg F, x10, RO
  474, 36806(1), Cell Temperature High Threshold (Threshold settings for a Cell), deg F, x10, RO
  475, 36807(1), Cell Temperature High Threshold (Threshold settings for a Cell), deg F, x10, RO
  476, 36808(1), Cell Temperature High Threshold (Threshold settings for a Cell), deg F, x10, RO
  477, 36809(1), Cell Temperature High Threshold (Threshold settings for a Cell), deg F, x10, RO
  478, 36810(1), Cell Temperature High Threshold (Threshold settings for a Cell), deg F, x10, RO
  479, 36811(1), Cell Temperature High Threshold (Threshold settings for a Cell), deg F, x10, RO
  480, 36812(1), Cell Temperature High Threshold (Threshold settings for a Cell), deg F, x10, RO
  481, 36813(1), Cell Temperature High Threshold (Threshold settings for a Cell), deg F, x10, RO
  482, 36814(1), Cell Temperature High Threshold (Threshold settings for a Cell), deg F, x10, RO
  483, 36815(1), Cell Temperature High Threshold (Threshold settings for a Cell), deg F, x10, RO
  484, 36816(1), Cell Temperature High Threshold (Threshold settings for a Cell), deg F, x10, RO
  485, 36817(1), Cell Temperature High Threshold (Threshold settings for a Cell), deg F, x10, RO
  486, 36818(1), Cell Temperature High Threshold (Threshold settings for a Cell), deg F, x10, RO
  487, 36819(1), Cell Temperature High Threshold (Threshold settings for a Cell), deg F, x10, RO
  488, 36820(1), Cell Temperature High Threshold (Threshold settings for a Cell), deg F, x10, RO
  489, 36821(1), Cell Temperature High Threshold (Threshold settings for a Cell), deg F, x10, RO
  490, 36822(1), Cell Temperature High Threshold (Threshold settings for a Cell), deg F, x10, RO
  491, 36823(1), Cell Temperature High Threshold (Threshold settings for a Cell), deg F, x10, RO
  492, 36824(1), Cell Temperature High Threshold (Threshold settings for a Cell), deg F, x10, RO
  493, 36825(1), Cell Temperature High Threshold (Threshold settings for a Cell), deg F, x10, RO
  494, 37106(1), Internal Resistance Low Threshold (Threshold settings for a Cell), microOhm, x1, RO
  495, 37107(1), Internal Resistance Low Threshold (Threshold settings for a Cell), microOhm, x1, RO
  496, 37108(1), Internal Resistance Low Threshold (Threshold settings for a Cell), microOhm, x1, RO
  497, 37109(1), Internal Resistance Low Threshold (Threshold settings for a Cell), microOhm, x1, RO
  498, 37110(1), Internal Resistance Low Threshold (Threshold settings for a Cell), microOhm, x1, RO
  499, 37111(1), Internal Resistance Low Threshold (Threshold settings for a Cell), microOhm, x1, RO
  500, 37112(1), Internal Resistance Low Threshold (Threshold settings for a Cell), microOhm, x1, RO
  501, 37113(1), Internal Resistance Low Threshold (Threshold settings for a Cell), microOhm, x1, RO
  502, 37114(1), Internal Resistance Low Threshold (Threshold settings for a Cell), microOhm, x1, RO
  503, 37115(1), Internal Resistance Low Threshold (Threshold settings for a Cell), microOhm, x1, RO
  504, 37116(1), Internal Resistance Low Threshold (Threshold settings for a Cell), microOhm, x1, RO
  505, 37117(1), Internal Resistance Low Threshold (Threshold settings for a Cell), microOhm, x1, RO
  506, 37118(1), Internal Resistance Low Threshold (Threshold settings for a Cell), microOhm, x1, RO
  507, 37119(1), Internal Resistance Low Threshold (Threshold settings for a Cell), microOhm, x1, RO
  508, 37120(1), Internal Resistance Low Threshold (Threshold settings for a Cell), microOhm, x1, RO
  509, 37121(1), Internal Resistance Low Threshold (Threshold settings for a Cell), microOhm, x1, RO
  510, 37122(1), Internal Resistance Low Threshold (Threshold settings for a Cell), microOhm, x1, RO
  511, 37123(1), Internal Resistance Low Threshold (Threshold settings for a Cell), microOhm, x1, RO
  512, 37124(1), Internal Resistance Low Threshold (Threshold settings for a Cell), microOhm, x1, RO
  513, 37125(1), Internal Resistance Low Threshold (Threshold settings for a Cell), microOhm, x1, RO
  514, 37126(1), Internal Resistance Low Threshold (Threshold settings for a Cell), microOhm, x1, RO
  515, 37127(1), Internal Resistance Low Threshold (Threshold settings for a Cell), microOhm, x1, RO
  516, 37128(1), Internal Resistance Low Threshold (Threshold settings for a Cell), microOhm, x1, RO
  517, 37129(1), Internal Resistance Low Threshold (Threshold settings for a Cell), microOhm, x1, RO
  518, 37130(1), Internal Resistance Low Threshold (Threshold settings for a Cell), microOhm, x1, RO
  519, 37131(1), Internal Resistance Low Threshold (Threshold settings for a Cell), microOhm, x1, RO
  520, 37132(1), Internal Resistance Low Threshold (Threshold settings for a Cell), microOhm, x1, RO
  521, 37133(1), Internal Resistance Low Threshold (Threshold settings for a Cell), microOhm, x1, RO
  522, 37134(1), Internal Resistance Low Threshold (Threshold settings for a Cell), microOhm, x1, RO
  523, 37135(1), Internal Resistance Low Threshold (Threshold settings for a Cell), microOhm, x1, RO
  524, 37136(1), Internal Resistance Low Threshold (Threshold settings for a Cell), microOhm, x1, RO
  525, 37137(1), Internal Resistance Low Threshold (Threshold settings for a Cell), microOhm, x1, RO
  526, 37138(1), Internal Resistance Low Threshold (Threshold settings for a Cell), microOhm, x1, RO
  527, 37139(1), Internal Resistance Low Threshold (Threshold settings for a Cell), microOhm, x1, RO
  528, 37140(1), Internal Resistance Low Threshold (Threshold settings for a Cell), microOhm, x1, RO
  529, 37141(1), Internal Resistance Low Threshold (Threshold settings for a Cell), microOhm, x1, RO
  530, 37142(1), Internal Resistance Low Threshold (Threshold settings for a Cell), microOhm, x1, RO
  531, 37143(1), Internal Resistance Low Threshold (Threshold settings for a Cell), microOhm, x1, RO
  532, 37144(1), Internal Resistance Low Threshold (Threshold settings for a Cell), microOhm, x1, RO
  533, 37145(1), Internal Resistance Low Threshold (Threshold settings for a Cell), microOhm, x1, RO
  534, 37426(1), Internal Resistance High Threshold (Threshold settings for a Cell), microOhm, x1, RO
  535, 37427(1), Internal Resistance High Threshold (Threshold settings for a Cell), microOhm, x1, RO
  536, 37428(1), Internal Resistance High Threshold (Threshold settings for a Cell), microOhm, x1, RO
  537, 37429(1), Internal Resistance High Threshold (Threshold settings for a Cell), microOhm, x1, RO
  538, 37430(1), Internal Resistance High Threshold (Threshold settings for a Cell), microOhm, x1, RO
  539, 37431(1), Internal Resistance High Threshold (Threshold settings for a Cell), microOhm, x1, RO
  540, 37432(1), Internal Resistance High Threshold (Threshold settings for a Cell), microOhm, x1, RO
  541, 37433(1), Internal Resistance High Threshold (Threshold settings for a Cell), microOhm, x1, RO
  542, 37434(1), Internal Resistance High Threshold (Threshold settings for a Cell), microOhm, x1, RO
  543, 37435(1), Internal Resistance High Threshold (Threshold settings for a Cell), microOhm, x1, RO
  544, 37436(1), Internal Resistance High Threshold (Threshold settings for a Cell), microOhm, x1, RO
  545, 37437(1), Internal Resistance High Threshold (Threshold settings for a Cell), microOhm, x1, RO
  546, 37438(1), Internal Resistance High Threshold (Threshold settings for a Cell), microOhm, x1, RO
  547, 37439(1), Internal Resistance High Threshold (Threshold settings for a Cell), microOhm, x1, RO
  548, 37440(1), Internal Resistance High Threshold (Threshold settings for a Cell), microOhm, x1, RO
  549, 37441(1), Internal Resistance High Threshold (Threshold settings for a Cell), microOhm, x1, RO
  550, 37442(1), Internal Resistance High Threshold (Threshold settings for a Cell), microOhm, x1, RO
  551, 37443(1), Internal Resistance High Threshold (Threshold settings for a Cell), microOhm, x1, RO
  552, 37444(1), Internal Resistance High Threshold (Threshold settings for a Cell), microOhm, x1, RO
  553, 37445(1), Internal Resistance High Threshold (Threshold settings for a Cell), microOhm, x1, RO
  554, 37446(1), Internal Resistance High Threshold (Threshold settings for a Cell), microOhm, x1, RO
  555, 37447(1), Internal Resistance High Threshold (Threshold settings for a Cell), microOhm, x1, RO
  556, 37448(1), Internal Resistance High Threshold (Threshold settings for a Cell), microOhm, x1, RO
  557, 37449(1), Internal Resistance High Threshold (Threshold settings for a Cell), microOhm, x1, RO
  558, 37450(1), Internal Resistance High Threshold (Threshold settings for a Cell), microOhm, x1, RO
  559, 37451(1), Internal Resistance High Threshold (Threshold settings for a Cell), microOhm, x1, RO
  560, 37452(1), Internal Resistance High Threshold (Threshold settings for a Cell), microOhm, x1, RO
  561, 37453(1), Internal Resistance High Threshold (Threshold settings for a Cell), microOhm, x1, RO
  562, 37454(1), Internal Resistance High Threshold (Threshold settings for a Cell), microOhm, x1, RO
  563, 37455(1), Internal Resistance High Threshold (Threshold settings for a Cell), microOhm, x1, RO
  564, 37456(1), Internal Resistance High Threshold (Threshold settings for a Cell), microOhm, x1, RO
  565, 37457(1), Internal Resistance High Threshold (Threshold settings for a Cell), microOhm, x1, RO
  566, 37458(1), Internal Resistance High Threshold (Threshold settings for a Cell), microOhm, x1, RO
  567, 37459(1), Internal Resistance High Threshold (Threshold settings for a Cell), microOhm, x1, RO
  568, 37460(1), Internal Resistance High Threshold (Threshold settings for a Cell), microOhm, x1, RO
  569, 37461(1), Internal Resistance High Threshold (Threshold settings for a Cell), microOhm, x1, RO
  570, 37462(1), Internal Resistance High Threshold (Threshold settings for a Cell), microOhm, x1, RO
  571, 37463(1), Internal Resistance High Threshold (Threshold settings for a Cell), microOhm, x1, RO
  572, 37464(1), Internal Resistance High Threshold (Threshold settings for a Cell), microOhm, x1, RO
  573, 37465(1), Internal Resistance High Threshold (Threshold settings for a Cell), microOhm, x1, RO
  574, 37746(1), Intercell Resistance High Threshold (Threshold settings for a Cell), microOhm, x1, RO
  575, 37747(1), Intercell Resistance High Threshold (Threshold settings for a Cell), microOhm, x1, RO
  576, 37748(1), Intercell Resistance High Threshold (Threshold settings for a Cell), microOhm, x1, RO
  577, 37749(1), Intercell Resistance High Threshold (Threshold settings for a Cell), microOhm, x1, RO
  578, 37750(1), Intercell Resistance High Threshold (Threshold settings for a Cell), microOhm, x1, RO
  579, 37751(1), Intercell Resistance High Threshold (Threshold settings for a Cell), microOhm, x1, RO
  580, 37752(1), Intercell Resistance High Threshold (Threshold settings for a Cell), microOhm, x1, RO
  581, 37753(1), Intercell Resistance High Threshold (Threshold settings for a Cell), microOhm, x1, RO
  582, 37754(1), Intercell Resistance High Threshold (Threshold settings for a Cell), microOhm, x1, RO
  583, 37755(1), Intercell Resistance High Threshold (Threshold settings for a Cell), microOhm, x1, RO
  584, 37756(1), Intercell Resistance High Threshold (Threshold settings for a Cell), microOhm, x1, RO
  585, 37757(1), Intercell Resistance High Threshold (Threshold settings for a Cell), microOhm, x1, RO
  586, 37758(1), Intercell Resistance High Threshold (Threshold settings for a Cell), microOhm, x1, RO
  587, 37759(1), Intercell Resistance High Threshold (Threshold settings for a Cell), microOhm, x1, RO
  588, 37760(1), Intercell Resistance High Threshold (Threshold settings for a Cell), microOhm, x1, RO
  589, 37761(1), Intercell Resistance High Threshold (Threshold settings for a Cell), microOhm, x1, RO
  590, 37762(1), Intercell Resistance High Threshold (Threshold settings for a Cell), microOhm, x1, RO
  591, 37763(1), Intercell Resistance High Threshold (Threshold settings for a Cell), microOhm, x1, RO
  592, 37764(1), Intercell Resistance High Threshold (Threshold settings for a Cell), microOhm, x1, RO
  593, 37765(1), Intercell Resistance High Threshold (Threshold settings for a Cell), microOhm, x1, RO
  594, 37766(1), Intercell Resistance High Threshold (Threshold settings for a Cell), microOhm, x1, RO
  595, 37767(1), Intercell Resistance High Threshold (Threshold settings for a Cell), microOhm, x1, RO
  596, 37768(1), Intercell Resistance High Threshold (Threshold settings for a Cell), microOhm, x1, RO
  597, 37769(1), Intercell Resistance High Threshold (Threshold settings for a Cell), microOhm, x1, RO
  598, 37770(1), Intercell Resistance High Threshold (Threshold settings for a Cell), microOhm, x1, RO
  599, 37771(1), Intercell Resistance High Threshold (Threshold settings for a Cell), microOhm, x1, RO
  600, 37772(1), Intercell Resistance High Threshold (Threshold settings for a Cell), microOhm, x1, RO
  601, 37773(1), Intercell Resistance High Threshold (Threshold settings for a Cell), microOhm, x1, RO
  602, 37774(1), Intercell Resistance High Threshold (Threshold settings for a Cell), microOhm, x1, RO
  603, 37775(1), Intercell Resistance High Threshold (Threshold settings for a Cell), microOhm, x1, RO
  604, 37776(1), Intercell Resistance High Threshold (Threshold settings for a Cell), microOhm, x1, RO
  605, 37777(1), Intercell Resistance High Threshold (Threshold settings for a Cell), microOhm, x1, RO
  606, 37778(1), Intercell Resistance High Threshold (Threshold settings for a Cell), microOhm, x1, RO
  607, 37779(1), Intercell Resistance High Threshold (Threshold settings for a Cell), microOhm, x1, RO
  608, 37780(1), Intercell Resistance High Threshold (Threshold settings for a Cell), microOhm, x1, RO
  609, 37781(1), Intercell Resistance High Threshold (Threshold settings for a Cell), microOhm, x1, RO
  610, 37782(1), Intercell Resistance High Threshold (Threshold settings for a Cell), microOhm, x1, RO
  611, 37783(1), Intercell Resistance High Threshold (Threshold settings for a Cell), microOhm, x1, RO
  612, 37784(1), Intercell Resistance High Threshold (Threshold settings for a Cell), microOhm, x1, RO
  613, 37785(1), Intercell Resistance High Threshold (Threshold settings for a Cell), microOhm, x1, RO
  614, 38066(1), Position of Cell (Cell Entity [25])
  615, 38067(1), Position of Cell (Cell Entity [26])
  616, 38068(1), Position of Cell (Cell Entity [27])
  617, 38069(1), Position of Cell (Cell Entity [28])
  618, 38070(1), Position of Cell (Cell Entity [5])
  619, 38071(1), Position of Cell (Cell Entity [6])
  620, 38072(1), Position of Cell (Cell Entity [7])
  621, 38073(1), Position of Cell (Cell Entity [8])
  622, 38074(1), Position of Cell (Cell Entity [9])
  623, 38075(1), Position of Cell (Cell Entity [10])
  624, 38076(1), Position of Cell (Cell Entity [11])
  625, 38077(1), Position of Cell (Cell Entity [12])
  626, 38078(1), Position of Cell (Cell Entity [1])
  627, 38079(1), Position of Cell (Cell Entity [2])
  628, 38080(1), Position of Cell (Cell Entity [3])
  629, 38081(1), Position of Cell (Cell Entity [4])
  630, 38082(1), Position of Cell (Cell Entity [17])
  631, 38083(1), Position of Cell (Cell Entity [18])
  632, 38084(1), Position of Cell (Cell Entity [19])
  633, 38085(1), Position of Cell (Cell Entity [20])
  634, 38086(1), Position of Cell (Cell Entity [29])
  635, 38087(1), Position of Cell (Cell Entity [30])
  636, 38088(1), Position of Cell (Cell Entity [31])
  637, 38089(1), Position of Cell (Cell Entity [32])
  638, 38090(1), Position of Cell (Cell Entity [33])
  639, 38091(1), Position of Cell (Cell Entity [34])
  640, 38092(1), Position of Cell (Cell Entity [35])
  641, 38093(1), Position of Cell (Cell Entity [36])
  642, 38094(1), Position of Cell (Cell Entity [37])
  643, 38095(1), Position of Cell (Cell Entity [38])
  644, 38096(1), Position of Cell (Cell Entity [39])
  645, 38097(1), Position of Cell (Cell Entity [40])
  646, 38098(1), Position of Cell (Cell Entity [13])
  647, 38099(1), Position of Cell (Cell Entity [14])
  648, 38100(1), Position of Cell (Cell Entity [15])
  649, 38101(1), Position of Cell (Cell Entity [16])
  650, 38102(1), Position of Cell (Cell Entity [21])
  651, 38103(1), Position of Cell (Cell Entity [22])
  652, 38104(1), Position of Cell (Cell Entity [23])
  653, 38105(1), Position of Cell (Cell Entity [24])
  654, 38386(1), Index of parent String for Cell (Cell Entity [25])
  655, 38387(1), Index of parent String for Cell (Cell Entity [26])
  656, 38388(1), Index of parent String for Cell (Cell Entity [27])
  657, 38389(1), Index of parent String for Cell (Cell Entity [28])
  658, 38390(1), Index of parent String for Cell (Cell Entity [5])
  659, 38391(1), Index of parent String for Cell (Cell Entity [6])
  660, 38392(1), Index of parent String for Cell (Cell Entity [7])
  661, 38393(1), Index of parent String for Cell (Cell Entity [8])
  662, 38394(1), Index of parent String for Cell (Cell Entity [9])
  663, 38395(1), Index of parent String for Cell (Cell Entity [10])
  664, 38396(1), Index of parent String for Cell (Cell Entity [11])
  665, 38397(1), Index of parent String for Cell (Cell Entity [12])
  666, 38398(1), Index of parent String for Cell (Cell Entity [1])
  667, 38399(1), Index of parent String for Cell (Cell Entity [2])
  668, 38400(1), Index of parent String for Cell (Cell Entity [3])
  669, 38401(1), Index of parent String for Cell (Cell Entity [4])
  670, 38402(1), Index of parent String for Cell (Cell Entity [17])
  671, 38403(1), Index of parent String for Cell (Cell Entity [18])
  672, 38404(1), Index of parent String for Cell (Cell Entity [19])
  673, 38405(1), Index of parent String for Cell (Cell Entity [20])
  674, 38406(1), Index of parent String for Cell (Cell Entity [29])
  675, 38407(1), Index of parent String for Cell (Cell Entity [30])
  676, 38408(1), Index of parent String for Cell (Cell Entity [31])
  677, 38409(1), Index of parent String for Cell (Cell Entity [32])
  678, 38410(1), Index of parent String for Cell (Cell Entity [33])
  679, 38411(1), Index of parent String for Cell (Cell Entity [34])
  680, 38412(1), Index of parent String for Cell (Cell Entity [35])
  681, 38413(1), Index of parent String for Cell (Cell Entity [36])
  682, 38414(1), Index of parent String for Cell (Cell Entity [37])
  683, 38415(1), Index of parent String for Cell (Cell Entity [38])
  684, 38416(1), Index of parent String for Cell (Cell Entity [39])
  685, 38417(1), Index of parent String for Cell (Cell Entity [40])
  686, 38418(1), Index of parent String for Cell (Cell Entity [13])
  687, 38419(1), Index of parent String for Cell (Cell Entity [14])
  688, 38420(1), Index of parent String for Cell (Cell Entity [15])
  689, 38421(1), Index of parent String for Cell (Cell Entity [16])
  690, 38422(1), Index of parent String for Cell (Cell Entity [21])
  691, 38423(1), Index of parent String for Cell (Cell Entity [22])
  692, 38424(1), Index of parent String for Cell (Cell Entity [23])
  693, 38425(1), Index of parent String for Cell (Cell Entity [24])
  694, 38706(1), Index of parent Battery for Cell (Cell Entity [25])
  695, 38707(1), Index of parent Battery for Cell (Cell Entity [26])
  696, 38708(1), Index of parent Battery for Cell (Cell Entity [27])
  697, 38709(1), Index of parent Battery for Cell (Cell Entity [28])
  698, 38710(1), Index of parent Battery for Cell (Cell Entity [5])
  699, 38711(1), Index of parent Battery for Cell (Cell Entity [6])
  700, 38712(1), Index of parent Battery for Cell (Cell Entity [7])
  701, 38713(1), Index of parent Battery for Cell (Cell Entity [8])
  702, 38714(1), Index of parent Battery for Cell (Cell Entity [9])
  703, 38715(1), Index of parent Battery for Cell (Cell Entity [10])
  704, 38716(1), Index of parent Battery for Cell (Cell Entity [11])
  705, 38717(1), Index of parent Battery for Cell (Cell Entity [12])
  706, 38718(1), Index of parent Battery for Cell (Cell Entity [1])
  707, 38719(1), Index of parent Battery for Cell (Cell Entity [2])
  708, 38720(1), Index of parent Battery for Cell (Cell Entity [3])
  709, 38721(1), Index of parent Battery for Cell (Cell Entity [4])
  710, 38722(1), Index of parent Battery for Cell (Cell Entity [17])
  711, 38723(1), Index of parent Battery for Cell (Cell Entity [18])
  712, 38724(1), Index of parent Battery for Cell (Cell Entity [19])
  713, 38725(1), Index of parent Battery for Cell (Cell Entity [20])
  714, 38726(1), Index of parent Battery for Cell (Cell Entity [29])
  715, 38727(1), Index of parent Battery for Cell (Cell Entity [30])
  716, 38728(1), Index of parent Battery for Cell (Cell Entity [31])
  717, 38729(1), Index of parent Battery for Cell (Cell Entity [32])
  718, 38730(1), Index of parent Battery for Cell (Cell Entity [33])
  719, 38731(1), Index of parent Battery for Cell (Cell Entity [34])
  720, 38732(1), Index of parent Battery for Cell (Cell Entity [35])
  721, 38733(1), Index of parent Battery for Cell (Cell Entity [36])
  722, 38734(1), Index of parent Battery for Cell (Cell Entity [37])
  723, 38735(1), Index of parent Battery for Cell (Cell Entity [38])
  724, 38736(1), Index of parent Battery for Cell (Cell Entity [39])
  725, 38737(1), Index of parent Battery for Cell (Cell Entity [40])
  726, 38738(1), Index of parent Battery for Cell (Cell Entity [13])
  727, 38739(1), Index of parent Battery for Cell (Cell Entity [14])
  728, 38740(1), Index of parent Battery for Cell (Cell Entity [15])
  729, 38741(1), Index of parent Battery for Cell (Cell Entity [16])
  730, 38742(1), Index of parent Battery for Cell (Cell Entity [21])
  731, 38743(1), Index of parent Battery for Cell (Cell Entity [22])
  732, 38744(1), Index of parent Battery for Cell (Cell Entity [23])
  733, 38745(1), Index of parent Battery for Cell (Cell Entity [24])
  734, 39026(1), Group Status, , x1, RO
  735, 39998(2), System Date and Time, , x1, RO
  736, 43490(1), Battery String Alarm Reset or Acknowledge (UPS 12-540MR), , x1, WO
  737, 49998(2), System Date and Time, , x1, RO
  738, 10001(1), Battery Discharging (UPS 12-540MR)
  739, 10033(1), High Ambient Temperature (UPS 12-540MR)
  740, 10065(1), Low Ambient Temperature (UPS 12-540MR)
  741, 10097(1), Low Ambient Temperature Probe Two (UPS 12-540MR)
  742, 10129(1), High Ambient Temperature Probe Two (UPS 12-540MR)
  743, 10161(1), Low Overall Voltage (UPS 12-540MR)
  744, 10193(1), High Overall Voltage (UPS 12-540MR)
  745, 10225(1), High Battery String Current (UPS 12-540MR)
  746, 10257(1), Low Battery String Float Current (UPS 12-540MR)
  747, 10289(1), High Battery String Float Current (UPS 12-540MR)
  748, 10321(1), High Battery String Ripple Current (UPS 12-540MR)
  749, 10353(1), Battery String Discharge Detected (UPS 12-540MR)
  750, 10385(1), Maximum Discharge Time Exceeded (UPS 12-540MR)
  751, 10417(1), Discharge Low Overall Voltage (UPS 12-540MR)
  752, 10481(1), Discharge High Battery String Current (UPS 12-540MR)
  753, 10673(1), Low Cell Voltage (Cell Entity [25])
  754, 10674(1), Low Cell Voltage (Cell Entity [26])
  755, 10675(1), Low Cell Voltage (Cell Entity [27])
  756, 10676(1), Low Cell Voltage (Cell Entity [28])
  757, 10677(1), Low Cell Voltage (Cell Entity [5])
  758, 10678(1), Low Cell Voltage (Cell Entity [6])
  759, 10679(1), Low Cell Voltage (Cell Entity [7])
  760, 10680(1), Low Cell Voltage (Cell Entity [8])
  761, 10681(1), Low Cell Voltage (Cell Entity [9])
  762, 10682(1), Low Cell Voltage (Cell Entity [10])
  763, 10683(1), Low Cell Voltage (Cell Entity [11])
  764, 10684(1), Low Cell Voltage (Cell Entity [12])
  765, 10685(1), Low Cell Voltage (Cell Entity [1])
  766, 10686(1), Low Cell Voltage (Cell Entity [2])
  767, 10687(1), Low Cell Voltage (Cell Entity [3])
  768, 10688(1), Low Cell Voltage (Cell Entity [4])
  769, 10689(1), Low Cell Voltage (Cell Entity [17])
  770, 10690(1), Low Cell Voltage (Cell Entity [18])
  771, 10691(1), Low Cell Voltage (Cell Entity [19])
  772, 10692(1), Low Cell Voltage (Cell Entity [20])
  773, 10693(1), Low Cell Voltage (Cell Entity [29])
  774, 10694(1), Low Cell Voltage (Cell Entity [30])
  775, 10695(1), Low Cell Voltage (Cell Entity [31])
  776, 10696(1), Low Cell Voltage (Cell Entity [32])
  777, 10697(1), Low Cell Voltage (Cell Entity [33])
  778, 10698(1), Low Cell Voltage (Cell Entity [34])
  779, 10699(1), Low Cell Voltage (Cell Entity [35])
  780, 10700(1), Low Cell Voltage (Cell Entity [36])
  781, 10701(1), Low Cell Voltage (Cell Entity [37])
  782, 10702(1), Low Cell Voltage (Cell Entity [38])
  783, 10703(1), Low Cell Voltage (Cell Entity [39])
  784, 10704(1), Low Cell Voltage (Cell Entity [40])
  785, 10705(1), Low Cell Voltage (Cell Entity [13])
  786, 10706(1), Low Cell Voltage (Cell Entity [14])
  787, 10707(1), Low Cell Voltage (Cell Entity [15])
  788, 10708(1), Low Cell Voltage (Cell Entity [16])
  789, 10709(1), Low Cell Voltage (Cell Entity [21])
  790, 10710(1), Low Cell Voltage (Cell Entity [22])
  791, 10711(1), Low Cell Voltage (Cell Entity [23])
  792, 10712(1), Low Cell Voltage (Cell Entity [24])
  793, 10993(1), High Cell Voltage (Cell Entity [25])
  794, 10994(1), High Cell Voltage (Cell Entity [26])
  795, 10995(1), High Cell Voltage (Cell Entity [27])
  796, 10996(1), High Cell Voltage (Cell Entity [28])
  797, 10997(1), High Cell Voltage (Cell Entity [5])
  798, 10998(1), High Cell Voltage (Cell Entity [6])
  799, 10999(1), High Cell Voltage (Cell Entity [7])
  800, 11000(1), High Cell Voltage (Cell Entity [8])
  801, 11001(1), High Cell Voltage (Cell Entity [9])
  802, 11002(1), High Cell Voltage (Cell Entity [10])
  803, 11003(1), High Cell Voltage (Cell Entity [11])
  804, 11004(1), High Cell Voltage (Cell Entity [12])
  805, 11005(1), High Cell Voltage (Cell Entity [1])
  806, 11006(1), High Cell Voltage (Cell Entity [2])
  807, 11007(1), High Cell Voltage (Cell Entity [3])
  808, 11008(1), High Cell Voltage (Cell Entity [4])
  809, 11009(1), High Cell Voltage (Cell Entity [17])
  810, 11010(1), High Cell Voltage (Cell Entity [18])
  811, 11011(1), High Cell Voltage (Cell Entity [19])
  812, 11012(1), High Cell Voltage (Cell Entity [20])
  813, 11013(1), High Cell Voltage (Cell Entity [29])
  814, 11014(1), High Cell Voltage (Cell Entity [30])
  815, 11015(1), High Cell Voltage (Cell Entity [31])
  816, 11016(1), High Cell Voltage (Cell Entity [32])
  817, 11017(1), High Cell Voltage (Cell Entity [33])
  818, 11018(1), High Cell Voltage (Cell Entity [34])
  819, 11019(1), High Cell Voltage (Cell Entity [35])
  820, 11020(1), High Cell Voltage (Cell Entity [36])
  821, 11021(1), High Cell Voltage (Cell Entity [37])
  822, 11022(1), High Cell Voltage (Cell Entity [38])
  823, 11023(1), High Cell Voltage (Cell Entity [39])
  824, 11024(1), High Cell Voltage (Cell Entity [40])
  825, 11025(1), High Cell Voltage (Cell Entity [13])
  826, 11026(1), High Cell Voltage (Cell Entity [14])
  827, 11027(1), High Cell Voltage (Cell Entity [15])
  828, 11028(1), High Cell Voltage (Cell Entity [16])
  829, 11029(1), High Cell Voltage (Cell Entity [21])
  830, 11030(1), High Cell Voltage (Cell Entity [22])
  831, 11031(1), High Cell Voltage (Cell Entity [23])
  832, 11032(1), High Cell Voltage (Cell Entity [24])
  833, 11313(1), Low Cell Temperature (Cell Entity [25])
  834, 11314(1), Low Cell Temperature (Cell Entity [26])
  835, 11315(1), Low Cell Temperature (Cell Entity [27])
  836, 11316(1), Low Cell Temperature (Cell Entity [28])
  837, 11317(1), Low Cell Temperature (Cell Entity [5])
  838, 11318(1), Low Cell Temperature (Cell Entity [6])
  839, 11319(1), Low Cell Temperature (Cell Entity [7])
  840, 11320(1), Low Cell Temperature (Cell Entity [8])
  841, 11321(1), Low Cell Temperature (Cell Entity [9])
  842, 11322(1), Low Cell Temperature (Cell Entity [10])
  843, 11323(1), Low Cell Temperature (Cell Entity [11])
  844, 11324(1), Low Cell Temperature (Cell Entity [12])
  845, 11325(1), Low Cell Temperature (Cell Entity [1])
  846, 11326(1), Low Cell Temperature (Cell Entity [2])
  847, 11327(1), Low Cell Temperature (Cell Entity [3])
  848, 11328(1), Low Cell Temperature (Cell Entity [4])
  849, 11329(1), Low Cell Temperature (Cell Entity [17])
  850, 11330(1), Low Cell Temperature (Cell Entity [18])
  851, 11331(1), Low Cell Temperature (Cell Entity [19])
  852, 11332(1), Low Cell Temperature (Cell Entity [20])
  853, 11333(1), Low Cell Temperature (Cell Entity [29])
  854, 11334(1), Low Cell Temperature (Cell Entity [30])
  855, 11335(1), Low Cell Temperature (Cell Entity [31])
  856, 11336(1), Low Cell Temperature (Cell Entity [32])
  857, 11337(1), Low Cell Temperature (Cell Entity [33])
  858, 11338(1), Low Cell Temperature (Cell Entity [34])
  859, 11339(1), Low Cell Temperature (Cell Entity [35])
  860, 11340(1), Low Cell Temperature (Cell Entity [36])
  861, 11341(1), Low Cell Temperature (Cell Entity [37])
  862, 11342(1), Low Cell Temperature (Cell Entity [38])
  863, 11343(1), Low Cell Temperature (Cell Entity [39])
  864, 11344(1), Low Cell Temperature (Cell Entity [40])
  865, 11345(1), Low Cell Temperature (Cell Entity [13])
  866, 11346(1), Low Cell Temperature (Cell Entity [14])
  867, 11347(1), Low Cell Temperature (Cell Entity [15])
  868, 11348(1), Low Cell Temperature (Cell Entity [16])
  869, 11349(1), Low Cell Temperature (Cell Entity [21])
  870, 11350(1), Low Cell Temperature (Cell Entity [22])
  871, 11351(1), Low Cell Temperature (Cell Entity [23])
  872, 11352(1), Low Cell Temperature (Cell Entity [24])
  873, 11633(1), High Cell Temperature (Cell Entity [25])
  874, 11634(1), High Cell Temperature (Cell Entity [26])
  875, 11635(1), High Cell Temperature (Cell Entity [27])
  876, 11636(1), High Cell Temperature (Cell Entity [28])
  877, 11637(1), High Cell Temperature (Cell Entity [5])
  878, 11638(1), High Cell Temperature (Cell Entity [6])
  879, 11639(1), High Cell Temperature (Cell Entity [7])
  880, 11640(1), High Cell Temperature (Cell Entity [8])
  881, 11641(1), High Cell Temperature (Cell Entity [9])
  882, 11642(1), High Cell Temperature (Cell Entity [10])
  883, 11643(1), High Cell Temperature (Cell Entity [11])
  884, 11644(1), High Cell Temperature (Cell Entity [12])
  885, 11645(1), High Cell Temperature (Cell Entity [1])
  886, 11646(1), High Cell Temperature (Cell Entity [2])
  887, 11647(1), High Cell Temperature (Cell Entity [3])
  888, 11648(1), High Cell Temperature (Cell Entity [4])
  889, 11649(1), High Cell Temperature (Cell Entity [17])
  890, 11650(1), High Cell Temperature (Cell Entity [18])
  891, 11651(1), High Cell Temperature (Cell Entity [19])
  892, 11652(1), High Cell Temperature (Cell Entity [20])
  893, 11653(1), High Cell Temperature (Cell Entity [29])
  894, 11654(1), High Cell Temperature (Cell Entity [30])
  895, 11655(1), High Cell Temperature (Cell Entity [31])
  896, 11656(1), High Cell Temperature (Cell Entity [32])
  897, 11657(1), High Cell Temperature (Cell Entity [33])
  898, 11658(1), High Cell Temperature (Cell Entity [34])
  899, 11659(1), High Cell Temperature (Cell Entity [35])
  900, 11660(1), High Cell Temperature (Cell Entity [36])
  901, 11661(1), High Cell Temperature (Cell Entity [37])
  902, 11662(1), High Cell Temperature (Cell Entity [38])
  903, 11663(1), High Cell Temperature (Cell Entity [39])
  904, 11664(1), High Cell Temperature (Cell Entity [40])
  905, 11665(1), High Cell Temperature (Cell Entity [13])
  906, 11666(1), High Cell Temperature (Cell Entity [14])
  907, 11667(1), High Cell Temperature (Cell Entity [15])
  908, 11668(1), High Cell Temperature (Cell Entity [16])
  909, 11669(1), High Cell Temperature (Cell Entity [21])
  910, 11670(1), High Cell Temperature (Cell Entity [22])
  911, 11671(1), High Cell Temperature (Cell Entity [23])
  912, 11672(1), High Cell Temperature (Cell Entity [24])
  913, 11953(1), Low Internal Resistance (Cell Entity [25])
  914, 11954(1), Low Internal Resistance (Cell Entity [26])
  915, 11955(1), Low Internal Resistance (Cell Entity [27])
  916, 11956(1), Low Internal Resistance (Cell Entity [28])
  917, 11957(1), Low Internal Resistance (Cell Entity [5])
  918, 11958(1), Low Internal Resistance (Cell Entity [6])
  919, 11959(1), Low Internal Resistance (Cell Entity [7])
  920, 11960(1), Low Internal Resistance (Cell Entity [8])
  921, 11961(1), Low Internal Resistance (Cell Entity [9])
  922, 11962(1), Low Internal Resistance (Cell Entity [10])
  923, 11963(1), Low Internal Resistance (Cell Entity [11])
  924, 11964(1), Low Internal Resistance (Cell Entity [12])
  925, 11965(1), Low Internal Resistance (Cell Entity [1])
  926, 11966(1), Low Internal Resistance (Cell Entity [2])
  927, 11967(1), Low Internal Resistance (Cell Entity [3])
  928, 11968(1), Low Internal Resistance (Cell Entity [4])
  929, 11969(1), Low Internal Resistance (Cell Entity [17])
  930, 11970(1), Low Internal Resistance (Cell Entity [18])
  931, 11971(1), Low Internal Resistance (Cell Entity [19])
  932, 11972(1), Low Internal Resistance (Cell Entity [20])
  933, 11973(1), Low Internal Resistance (Cell Entity [29])
  934, 11974(1), Low Internal Resistance (Cell Entity [30])
  935, 11975(1), Low Internal Resistance (Cell Entity [31])
  936, 11976(1), Low Internal Resistance (Cell Entity [32])
  937, 11977(1), Low Internal Resistance (Cell Entity [33])
  938, 11978(1), Low Internal Resistance (Cell Entity [34])
  939, 11979(1), Low Internal Resistance (Cell Entity [35])
  940, 11980(1), Low Internal Resistance (Cell Entity [36])
  941, 11981(1), Low Internal Resistance (Cell Entity [37])
  942, 11982(1), Low Internal Resistance (Cell Entity [38])
  943, 11983(1), Low Internal Resistance (Cell Entity [39])
  944, 11984(1), Low Internal Resistance (Cell Entity [40])
  945, 11985(1), Low Internal Resistance (Cell Entity [13])
  946, 11986(1), Low Internal Resistance (Cell Entity [14])
  947, 11987(1), Low Internal Resistance (Cell Entity [15])
  948, 11988(1), Low Internal Resistance (Cell Entity [16])
  949, 11989(1), Low Internal Resistance (Cell Entity [21])
  950, 11990(1), Low Internal Resistance (Cell Entity [22])
  951, 11991(1), Low Internal Resistance (Cell Entity [23])
  952, 11992(1), Low Internal Resistance (Cell Entity [24])
  953, 12273(1), High Internal Resistance (Cell Entity [25])
  954, 12274(1), High Internal Resistance (Cell Entity [26])
  955, 12275(1), High Internal Resistance (Cell Entity [27])
  956, 12276(1), High Internal Resistance (Cell Entity [28])
  957, 12277(1), High Internal Resistance (Cell Entity [5])
  958, 12278(1), High Internal Resistance (Cell Entity [6])
  959, 12279(1), High Internal Resistance (Cell Entity [7])
  960, 12280(1), High Internal Resistance (Cell Entity [8])
  961, 12281(1), High Internal Resistance (Cell Entity [9])
  962, 12282(1), High Internal Resistance (Cell Entity [10])
  963, 12283(1), High Internal Resistance (Cell Entity [11])
  964, 12284(1), High Internal Resistance (Cell Entity [12])
  965, 12285(1), High Internal Resistance (Cell Entity [1])
  966, 12286(1), High Internal Resistance (Cell Entity [2])
  967, 12287(1), High Internal Resistance (Cell Entity [3])
  968, 12288(1), High Internal Resistance (Cell Entity [4])
  969, 12289(1), High Internal Resistance (Cell Entity [17])
  970, 12290(1), High Internal Resistance (Cell Entity [18])
  971, 12291(1), High Internal Resistance (Cell Entity [19])
  972, 12292(1), High Internal Resistance (Cell Entity [20])
  973, 12293(1), High Internal Resistance (Cell Entity [29])
  974, 12294(1), High Internal Resistance (Cell Entity [30])
  975, 12295(1), High Internal Resistance (Cell Entity [31])
  976, 12296(1), High Internal Resistance (Cell Entity [32])
  977, 12297(1), High Internal Resistance (Cell Entity [33])
  978, 12298(1), High Internal Resistance (Cell Entity [34])
  979, 12299(1), High Internal Resistance (Cell Entity [35])
  980, 12300(1), High Internal Resistance (Cell Entity [36])
  981, 12301(1), High Internal Resistance (Cell Entity [37])
  982, 12302(1), High Internal Resistance (Cell Entity [38])
  983, 12303(1), High Internal Resistance (Cell Entity [39])
  984, 12304(1), High Internal Resistance (Cell Entity [40])
  985, 12305(1), High Internal Resistance (Cell Entity [13])
  986, 12306(1), High Internal Resistance (Cell Entity [14])
  987, 12307(1), High Internal Resistance (Cell Entity [15])
  988, 12308(1), High Internal Resistance (Cell Entity [16])
  989, 12309(1), High Internal Resistance (Cell Entity [21])
  990, 12310(1), High Internal Resistance (Cell Entity [22])
  991, 12311(1), High Internal Resistance (Cell Entity [23])
  992, 12312(1), High Internal Resistance (Cell Entity [24])
  993, 12593(1), High Intercell Resistance (Cell Entity [25])
  994, 12594(1), High Intercell Resistance (Cell Entity [26])
  995, 12595(1), High Intercell Resistance (Cell Entity [27])
  996, 12596(1), High Intercell Resistance (Cell Entity [28])
  997, 12597(1), High Intercell Resistance (Cell Entity [5])
  998, 12598(1), High Intercell Resistance (Cell Entity [6])
  999, 12599(1), High Intercell Resistance (Cell Entity [7])
 1000, 12600(1), High Intercell Resistance (Cell Entity [8])
 1001, 12601(1), High Intercell Resistance (Cell Entity [9])
 1002, 12602(1), High Intercell Resistance (Cell Entity [10])
 1003, 12603(1), High Intercell Resistance (Cell Entity [11])
 1004, 12604(1), High Intercell Resistance (Cell Entity [12])
 1005, 12605(1), High Intercell Resistance (Cell Entity [1])
 1006, 12606(1), High Intercell Resistance (Cell Entity [2])
 1007, 12607(1), High Intercell Resistance (Cell Entity [3])
 1008, 12608(1), High Intercell Resistance (Cell Entity [4])
 1009, 12609(1), High Intercell Resistance (Cell Entity [17])
 1010, 12610(1), High Intercell Resistance (Cell Entity [18])
 1011, 12611(1), High Intercell Resistance (Cell Entity [19])
 1012, 12612(1), High Intercell Resistance (Cell Entity [20])
 1013, 12613(1), High Intercell Resistance (Cell Entity [29])
 1014, 12614(1), High Intercell Resistance (Cell Entity [30])
 1015, 12615(1), High Intercell Resistance (Cell Entity [31])
 1016, 12616(1), High Intercell Resistance (Cell Entity [32])
 1017, 12617(1), High Intercell Resistance (Cell Entity [33])
 1018, 12618(1), High Intercell Resistance (Cell Entity [34])
 1019, 12619(1), High Intercell Resistance (Cell Entity [35])
 1020, 12620(1), High Intercell Resistance (Cell Entity [36])
 1021, 12621(1), High Intercell Resistance (Cell Entity [37])
 1022, 12622(1), High Intercell Resistance (Cell Entity [38])
 1023, 12623(1), High Intercell Resistance (Cell Entity [39])
 1024, 12624(1), High Intercell Resistance (Cell Entity [40])
 1025, 12625(1), High Intercell Resistance (Cell Entity [13])
 1026, 12626(1), High Intercell Resistance (Cell Entity [14])
 1027, 12627(1), High Intercell Resistance (Cell Entity [15])
 1028, 12628(1), High Intercell Resistance (Cell Entity [16])
 1029, 12629(1), High Intercell Resistance (Cell Entity [21])
 1030, 12630(1), High Intercell Resistance (Cell Entity [22])
 1031, 12631(1), High Intercell Resistance (Cell Entity [23])
 1032, 12632(1), High Intercell Resistance (Cell Entity [24])
 1033, 12913(1), Discharge Low Cell Voltage (Cell Entity [25])
 1034, 12914(1), Discharge Low Cell Voltage (Cell Entity [26])
 1035, 12915(1), Discharge Low Cell Voltage (Cell Entity [27])
 1036, 12916(1), Discharge Low Cell Voltage (Cell Entity [28])
 1037, 12917(1), Discharge Low Cell Voltage (Cell Entity [5])
 1038, 12918(1), Discharge Low Cell Voltage (Cell Entity [6])
 1039, 12919(1), Discharge Low Cell Voltage (Cell Entity [7])
 1040, 12920(1), Discharge Low Cell Voltage (Cell Entity [8])
 1041, 12921(1), Discharge Low Cell Voltage (Cell Entity [9])
 1042, 12922(1), Discharge Low Cell Voltage (Cell Entity [10])
 1043, 12923(1), Discharge Low Cell Voltage (Cell Entity [11])
 1044, 12924(1), Discharge Low Cell Voltage (Cell Entity [12])
 1045, 12925(1), Discharge Low Cell Voltage (Cell Entity [1])
 1046, 12926(1), Discharge Low Cell Voltage (Cell Entity [2])
 1047, 12927(1), Discharge Low Cell Voltage (Cell Entity [3])
 1048, 12928(1), Discharge Low Cell Voltage (Cell Entity [4])
 1049, 12929(1), Discharge Low Cell Voltage (Cell Entity [17])
 1050, 12930(1), Discharge Low Cell Voltage (Cell Entity [18])
 1051, 12931(1), Discharge Low Cell Voltage (Cell Entity [19])
 1052, 12932(1), Discharge Low Cell Voltage (Cell Entity [20])
 1053, 12933(1), Discharge Low Cell Voltage (Cell Entity [29])
 1054, 12934(1), Discharge Low Cell Voltage (Cell Entity [30])
 1055, 12935(1), Discharge Low Cell Voltage (Cell Entity [31])
 1056, 12936(1), Discharge Low Cell Voltage (Cell Entity [32])
 1057, 12937(1), Discharge Low Cell Voltage (Cell Entity [33])
 1058, 12938(1), Discharge Low Cell Voltage (Cell Entity [34])
 1059, 12939(1), Discharge Low Cell Voltage (Cell Entity [35])
 1060, 12940(1), Discharge Low Cell Voltage (Cell Entity [36])
 1061, 12941(1), Discharge Low Cell Voltage (Cell Entity [37])
 1062, 12942(1), Discharge Low Cell Voltage (Cell Entity [38])
 1063, 12943(1), Discharge Low Cell Voltage (Cell Entity [39])
 1064, 12944(1), Discharge Low Cell Voltage (Cell Entity [40])
 1065, 12945(1), Discharge Low Cell Voltage (Cell Entity [13])
 1066, 12946(1), Discharge Low Cell Voltage (Cell Entity [14])
 1067, 12947(1), Discharge Low Cell Voltage (Cell Entity [15])
 1068, 12948(1), Discharge Low Cell Voltage (Cell Entity [16])
 1069, 12949(1), Discharge Low Cell Voltage (Cell Entity [21])
 1070, 12950(1), Discharge Low Cell Voltage (Cell Entity [22])
 1071, 12951(1), Discharge Low Cell Voltage (Cell Entity [23])
 1072, 12952(1), Discharge Low Cell Voltage (Cell Entity [24])